{
  "version": 1,
  "author": "Fabio Henrique Cabrini",
  "editor": "wokwi",
  "parts": [
    {
      "type": "wokwi-breadboard",
      "id": "bb1",
      "top": -243,
      "left": -150.8,
      "attrs": { "color": "#eeefed" }
    },
    { "type": "wokwi-esp32-devkit-v1", "id": "esp", "top": 4.7, "left": 4.6, "attrs": {} },
    {
      "type": "wokwi-photoresistor-sensor",
      "id": "ldr1",
      "top": 210.9,
      "left": -274.3,
      "rotate": 90,
      "attrs": {}
    },
    {
      "type": "wokwi-dht22",
      "id": "dht1",
      "top": 439.5,
      "left": 92.4,
      "rotate": 180,
      "attrs": { "humidity": "52", "temperature": "21.5" }
    },
    {
      "type": "wokwi-led",
      "id": "led1",
      "top": -147.6,
      "left": -25,
      "attrs": { "color": "yellow" }
    },
    {
      "type": "wokwi-led",
      "id": "led2",
      "top": -147.6,
      "left": -111.4,
      "attrs": { "color": "red" }
    },
    {
      "type": "wokwi-led",
      "id": "led3",
      "top": -147.6,
      "left": 61.4,
      "attrs": { "color": "green" }
    },
    {
      "type": "wokwi-resistor",
      "id": "r1",
      "top": -101.65,
      "left": 86.4,
      "attrs": { "value": "1000" }
    },
    {
      "type": "wokwi-resistor",
      "id": "r2",
      "top": -101.65,
      "left": 0,
      "attrs": { "value": "1000" }
    },
    {
      "type": "wokwi-resistor",
      "id": "r3",
      "top": -101.65,
      "left": -86.4,
      "attrs": { "value": "1000" }
    }
  ],
  "connections": [
    [ "esp:TX0", "$serialMonitor:RX", "", [] ],
    [ "esp:RX0", "$serialMonitor:TX", "", [] ],
    [ "ldr1:VCC", "esp:3V3", "red", [ "v57.6", "h220.8", "v0", "h57.9" ] ],
    [ "ldr1:GND", "esp:GND.1", "black", [ "v67.2", "h240.4", "v0", "h48.3" ] ],
    [ "dht1:VCC", "esp:3V3", "red", [ "v-67.2", "h-19.2", "v-211.2" ] ],
    [ "dht1:GND", "esp:GND.1", "black", [ "v0" ] ],
    [ "dht1:SDA", "esp:D15", "blue", [ "v0" ] ],
    [ "ldr1:AO", "esp:D34", "green", [ "v48", "h202.3", "v-316.8" ] ],
    [ "esp:GND.1", "bb1:bn.9", "black", [ "h-48.3", "v-0.1" ] ],
    [ "esp:3V3", "bb1:bp.8", "red", [ "v0", "h-29.1" ] ],
    [ "bb1:4b.j", "bb1:bn.2", "black", [ "v0" ] ],
    [ "bb1:13b.i", "bb1:bn.10", "black", [ "v0" ] ],
    [ "bb1:22b.i", "bb1:bn.17", "black", [ "v0" ] ],
    [ "esp:D26", "r3:1", "red", [ "h0" ] ],
    [ "esp:D25", "bb1:23b.j", "green", [ "h0" ] ],
    [ "esp:D33", "bb1:14b.j", "yellow", [ "h0" ] ],
    [ "led1:A", "bb1:14b.h", "", [ "$bb" ] ],
    [ "led1:C", "bb1:13b.h", "", [ "$bb" ] ],
    [ "led2:A", "bb1:5b.h", "", [ "$bb" ] ],
    [ "led2:C", "bb1:4b.h", "", [ "$bb" ] ],
    [ "led3:A", "bb1:23b.h", "", [ "$bb" ] ],
    [ "led3:C", "bb1:22b.h", "", [ "$bb" ] ],
    [ "r1:1", "bb1:23b.i", "", [ "$bb" ] ],
    [ "r1:2", "bb1:29b.i", "", [ "$bb" ] ],
    [ "r2:1", "bb1:14b.i", "", [ "$bb" ] ],
    [ "r2:2", "bb1:20b.i", "", [ "$bb" ] ],
    [ "r3:1", "bb1:5b.i", "", [ "$bb" ] ],
    [ "r3:2", "bb1:11b.i", "", [ "$bb" ] ]
  ],
  "dependencies": {}
}